id,fr_id,given_state,when_action,then_result
AC001,FR001,"Téléphone non associé","visiteur soumet téléphone et mot de passe valides","compte créé avec statut conforme à la vérification"
AC002,FR002,"E-mail non associé","visiteur soumet e-mail et mot de passe valides","compte créé et vérification e-mail déclenchée"
AC003,FR003,"Compte authentifié et deux contacts contrôlés","utilisateur demande l'association","un seul compte contient les deux identifiants"
AC004,FR004,"Identifiant déjà rattaché","création ou association est tentée","opération bloquée sans révéler d'information privée"
AC005,FR005,"Identifiants valides","utilisateur se connecte puis se déconnecte","session créée puis invalidée"
AC006,FR006,"Canal vérifié disponible","utilisateur demande une réinitialisation","jeton temporaire permet de définir un nouveau mot de passe"
AC007,FR007,"Contact non vérifié","compte est créé ou contact modifié","statut provisional est visible"
AC008,FR008,"Compte provisional","action sensible est demandée","serveur refuse et indique la vérification nécessaire"
AC009,FR009,"Seuil d'échecs atteint","nouvelle tentative survient","temporisation ou blocage est appliqué et audité"
AC010,FR010,"Plusieurs sessions actives","utilisateur révoque une session","session ciblée perd l'accès dans le délai prévu"
AC011,FR011,"Compte authentifié","profil valide est enregistré","préférences non sensibles sont mises à jour"
AC012,FR012,"Compte authentifié","export personnel est demandé","demande tracée et fichier préparé selon la politique"
AC013,FR013,"Compte authentifié","fermeture confirmée est demandée","accès désactivé et conservation/anonymisation appliquée"
AC014,FR014,"Nouveau CONTRACTOR","compte professionnel est initialisé","organisation personnelle unique est créée"
AC015,FR015,"Entrepreneur membre de plusieurs chantiers","il ouvre son espace","seuls ses chantiers autorisés sont listés"
AC016,FR016,"Deux organisations distinctes","membre A interroge les données B","serveur retourne refus ou ensemble vide sans fuite"
AC017,FR017,"Utilisateur vérifié","il choisit OWNER ou CONTRACTOR et crée","chantier brouillon et adhésion initiale sont créés atomiquement"
AC018,FR018,"Chantier brouillon","champs valides sont soumis","informations enregistrées et champs facultatifs tolérés"
AC019,FR019,"Adhésion active","membre ouvre le chantier","informations autorisées sont affichées"
AC020,FR020,"Chantier actif","rôle autorisé modifie un champ","modification enregistrée avec historique requis"
AC021,FR021,"Chantier actif","acteur autorisé confirme l'archivage","statut archivé et événement d'audit créés"
AC022,FR022,"Chantier archivé et adhésion active","membre l'ouvre","lecture permise et écritures ordinaires refusées"
AC023,FR023,"Projet similaire existant","nouveau chantier est soumis","avertissement affiché avec choix de continuer"
AC024,FR024,"Doublon suspect","acteur demande rapprochement","dossier support créé sans fusion de données"
AC025,FR025,"Chantier existant","son état change légalement","un seul statut valide est affiché partout"
AC026,FR026,"Étapes terminées","rôle autorisé confirme fin","statut terminé sans suppression et avec audit"
AC027,FR027,"CONTRACTOR autorisé","il cible un OWNER","invitation unique est créée et partageable"
AC028,FR028,"OWNER principal autorisé","il cible un CONTRACTOR","invitation unique est créée et partageable"
AC029,FR029,"Moins de deux copropriétaires actifs/invités","OWNER invite","invitation CO_OWNER créée; limite sinon expliquée"
AC030,FR030,"Moins de deux chefs actifs/invités","CONTRACTOR invite","invitation SITE_MANAGER créée; limite sinon expliquée"
AC031,FR031,"Invitation valide","destinataire ouvre le lien","contexte minimal affiché sans donnée confidentielle"
AC032,FR032,"Invitation valide","destinataire accepte ou refuse","statut final correspondant est enregistré"
AC033,FR033,"Invité non connecté","il s'inscrit puis revient","même invitation est reprise sans nouvelle recherche"
AC034,FR034,"Invitation en attente","expéditeur la révoque","jeton devient inutilisable immédiatement"
AC035,FR035,"Invitation non valide","lien est présenté","accès refusé avec motif générique approprié"
AC036,FR036,"Invitation liée à un contact","autre contact tente d'accepter","adhésion refusée ou limitée à validation provisoire"
AC037,FR037,"Participant non principal actif","rôle autorisé confirme motif","adhésion désactivée et contributions conservées"
AC038,FR038,"OWNER principal et successeur vérifiés","double confirmation réussit","unicité du principal transférée et audit créé"
AC039,FR039,"CONTRACTOR principal et successeur vérifiés","procédure autorisée réussit","rôle principal transféré sans période de double contrôle"
AC040,FR040,"Participant retiré ayant contribué","historique est consulté","contenus et auteur historique restent visibles selon politique"
AC041,FR041,"Membre actif","liste équipe est ouverte","participants et rôles autorisés sont affichés"
AC042,FR042,"Chantier sans phases","CONTRACTOR choisit un modèle","copies de phases sont créées en brouillon"
AC043,FR043,"Planning brouillon","CONTRACTOR édite l'ordre ou le contenu","nouvelle structure cohérente est enregistrée"
AC044,FR044,"Phases publiées","membre ouvre le planning","statuts; dates et progression autorisés s'affichent"
AC045,FR045,"Planning brouillon valide","CONTRACTOR publie","version initiale devient visible et auditée"
AC046,FR046,"Phase publiée","CONTRACTOR propose un changement","demande versionnée est créée sans écraser l'actuel"
AC047,FR047,"Demande de phase en attente","OWNER décide","décision horodatée applique ou rejette la proposition"
AC048,FR048,"Phase en cours","CONTRACTOR la déclare prête","statut attente_validation et demande associée sont créés"
AC049,FR049,"Phase en attente","OWNER valide ou refuse","statut et motif éventuel sont conservés"
AC050,FR050,"N phases applicables dont V validées","progression est calculée","valeur affichée égale V/N avec règle explicitée"
AC051,FR051,"Chantier actif","acteur autorisé crée un journal","brouillon attribué est disponible"
AC052,FR052,"Journal brouillon","date et phase valides sont choisies","liaisons sont enregistrées"
AC053,FR053,"Journal brouillon","contenu opérationnel est saisi","données enregistrées sans champs superflus obligatoires"
AC054,FR054,"Appareil hors ligne","journal est enregistré","élément apparaît dans la file locale"
AC055,FR055,"Brouillon appartenant à l'acteur","il modifie ou supprime","changement local/serveur accepté selon révision"
AC056,FR056,"Brouillon complet et synchronisé","acteur publie","version publiée reçoit auteur et heure serveur"
AC057,FR057,"Journaux publiés autorisés","membre consulte","chronologie paginée est affichée"
AC058,FR058,"Journal publié","auteur autorisé corrige avec motif","nouvelle version liée est créée et ancienne reste lisible"
AC059,FR059,"Journal visible","OWNER ou CONTRACTOR commente","commentaire attribué apparaît dans le fil"
AC060,FR060,"Permission caméra accordée","acteur capture","photo brouillon marquée capturée est créée"
AC061,FR061,"Permission fichiers accordée","acteur sélectionne une image","photo brouillon marquée importée est créée"
AC062,FR062,"Photos de deux origines","galerie est affichée","chaque photo porte le libellé exact correspondant"
AC063,FR063,"Localisation non consentie","acteur choisit de l'ajouter","consentement et permission sont demandés avant lecture"
AC064,FR064,"Photo dépasse cible","elle est préparée pour envoi","version compressée respecte taille/qualité configurées"
AC065,FR065,"Photo brouillon","phase et légende sont enregistrées","média possède les références attendues"
AC066,FR066,"Photos publiées","membre filtre","résultats correspondent au chantier et à la phase"
AC067,FR067,"Photo encore brouillon","auteur supprime","brouillon disparaît sans supprimer un média publié"
AC068,FR068,"Photo publiée","correction motivée est soumise","original reste référencé et nouvel état est visible"
AC069,FR069,"Chantier sans budget publié","acteur autorisé soumet montant FCFA","budget versionné est enregistré"
AC070,FR070,"Données financières autorisées","membre ouvre finances","budget; totaux et statuts sont cohérents"
AC071,FR071,"Chantier actif","acteur crée dépense","brouillon avec UUID est créé"
AC072,FR072,"Brouillon dépense","champs requis valides sont soumis","dépense est enregistrée; fournisseur peut rester vide"
AC073,FR073,"Brouillon dépense","acteur joint un reçu valide","fichier est lié ou échec expliqué"
AC074,FR074,"Appareil hors ligne","dépense est sauvegardée","file locale conserve UUID et contenu"
AC075,FR075,"Dépense brouillon synchronisée","CONTRACTOR publie","dépense publiée devient visible sans être réputée approuvée"
AC076,FR076,"Dépense publiée soumise à décision","OWNER décide","statut et motif sont enregistrés avec heure serveur"
AC077,FR077,"Dépense corrigée ou décidée","historique est ouvert","versions et décisions liées sont ordonnées"
AC078,FR078,"Dépense validée erronée","acteur autorisé corrige avec motif","contre-écriture et nouvelle valeur sont créées"
AC079,FR079,"Écritures actives et annulées existent","total est recalculé","seules écritures actives contribuent au résultat"
AC080,FR080,"Nouvelle dépense dépasse budget","elle est publiée","alerte apparaît sans bloquer la traçabilité"
AC081,FR081,"Plusieurs dépenses visibles","membre applique des filtres","liste et totaux correspondent aux critères"
AC082,FR082,"Dépenses autorisées existent","membre exporte","fichier ne contient que son périmètre autorisé"
AC083,FR083,"Quota média atteint","acteur enregistre dépense sans fichier","écriture textuelle est acceptée et quota expliqué"
AC084,FR084,"OWNER ou CONTRACTOR autorisé","il déclare un acompte","enregistrement déclaratif est créé sans flux de paiement"
AC085,FR085,"Acompte brouillon","champs requis sont soumis","montant; date; mode et déclarant sont conservés"
AC086,FR086,"Acompte déclaré au récepteur","celui-ci reconnaît réception","statut reçu et heure serveur sont enregistrés"
AC087,FR087,"Acompte visible","partie autorisée conteste avec motif","statut contesté et motif deviennent visibles"
AC088,FR088,"Acompte validé à annuler","acteur autorisé confirme motif","contre-écriture annule l'effet sans effacer l'original"
AC089,FR089,"Acomptes de statuts variés","liste est ouverte","chaque statut exact est affiché"
AC090,FR090,"Écran ou rapport d'acompte","utilisateur consulte","avertissement déclaratif est clairement visible"
AC091,FR091,"Utilisateur parcourt les acomptes","il cherche une action de paiement","aucune fonction de détention ou transfert n'est proposée"
AC092,FR092,"Objet versionné autorisé","acteur crée une demande","demande référence l'objet et sa version"
AC093,FR093,"Demande en attente et OWNER vérifié en ligne","il approuve","décision approuvée est figée et notifiée"
AC094,FR094,"Demande en attente et OWNER vérifié","il refuse avec motif","décision refusée est figée et notifiée"
AC095,FR095,"Demande incomplète","OWNER réclame information/correction","statut correspondant et message sont enregistrés"
AC096,FR096,"Une décision est soumise","serveur l'accepte","acteur et heure serveur sont immuablement associés"
AC097,FR097,"Décision existante","acteur tente de l'éditer","serveur refuse l'édition en place"
AC098,FR098,"Sujet déjà décidé","partie autorisée le rouvre","nouvelle demande liée est créée"
AC099,FR099,"CO_OWNER sans permission puis avec permission","il tente de décider","refus d'abord puis autorisation conforme"
AC100,FR100,"Demande ou décision créée","transaction réussit","notifications minimisées sont émises aux destinataires"
AC101,FR101,"Membre actif","il saisit incident valide","incident attribué est créé"
AC102,FR102,"Appareil hors ligne","incident est sauvegardé","élément apparaît dans la file locale"
AC103,FR103,"Incident existant","membre ajoute photo/commentaire","élément est lié et visible selon permissions"
AC104,FR104,"Incident ouvert","responsable et échéance sont choisis","affectation est enregistrée et notifiée"
AC105,FR105,"Incident assigné","responsable met à jour puis clôture","résolution et historique sont conservés"
AC106,FR106,"Incident urgent publié","serveur traite l'événement","alerte critique est envoyée sans promettre secours"
AC107,FR107,"Fichier autorisé disponible","OWNER ou CONTRACTOR le dépose","document brouillon est créé avec métadonnées"
AC108,FR108,"Fichier invalide ou suspect","upload est analysé","publication bloquée et raison compréhensible affichée"
AC109,FR109,"Document brouillon","déposant choisit une visibilité permise","visibilité enregistrée sans élargissement interdit"
AC110,FR110,"Document publié","membre autorisé l'ouvre","contenu est servi par accès temporaire contrôlé"
AC111,FR111,"Document publié","acteur autorisé archive","document masqué des listes actives et conservé"
AC112,FR112,"Document est remplacé","nouvelle version est publiée","ancienne version et auteurs restent référencés"
AC113,FR113,"OWNER ouvre un chantier actif","tableau charge","progression; budget; activité; alertes et demandes autorisées apparaissent"
AC114,FR114,"CONTRACTOR possède plusieurs chantiers","il ouvre son tableau","résumé filtrable de ses chantiers apparaît"
AC115,FR115,"SITE_MANAGER a tâches et file locale","il ouvre accueil","actions utiles et éléments non synchronisés sont visibles"
AC116,FR116,"Indicateur possède des données","membre l'active","écran détaillé correspondant s'ouvre"
AC117,FR117,"Données en cache","tableau s'affiche","date/état de dernière synchronisation est visible"
AC118,FR118,"Aucune donnée autorisée","liste ou tableau s'ouvre","état vide explique la prochaine action possible"
AC119,FR119,"Événement configuré réussit","transaction est validée","notification interne unique est créée"
AC120,FR120,"Notification non lue existe","utilisateur l'ouvre","elle devient lue et mène à l'objet autorisé"
AC121,FR121,"Préférences disponibles","utilisateur change un canal non critique","choix est appliqué aux futurs événements"
AC122,FR122,"Compte sans e-mail vérifié","événement e-mail survient","aucun e-mail n'est envoyé à cette adresse"
AC123,FR123,"Invitation ou rapport partageable existe","utilisateur choisit WhatsApp","partage du terminal s'ouvre avec contenu minimal"
AC124,FR124,"Notification est générée","payload est construit","aucun secret ni détail financier inutile n'est inclus"
AC125,FR125,"Connexion change","utilisateur reste dans l'application","état réseau visible est actualisé"
AC126,FR126,"Opérations locales attendent","utilisateur ouvre la file","chaque élément et son type sont listés"
AC127,FR127,"File contient plusieurs états","elle est consultée","attente; envoi; succès; échec ou conflit sont distingués"
AC128,FR128,"Envoi a échoué","utilisateur appuie Réessayer","même UUID est renvoyé et résultat affiché"
AC129,FR129,"Nouvelle opération locale","elle est créée","UUID non modifiable existe avant toute tentative serveur"
AC130,FR130,"Brouillon serveur a une révision plus récente","client soumet ancienne révision","serveur refuse comme conflit"
AC131,FR131,"Conflit détecté","utilisateur ouvre le détail","versions sont présentées sans écrasement automatique"
AC132,FR132,"Appareil hors ligne","action sensible est tentée","action bloquée avec explication et aucune décision locale finale"
AC133,FR133,"File non synchronisée existe","action risquant de l'effacer survient","avertissement bloquant ou confirmation renforcée apparaît"
AC134,FR134,"File locale non vide","PWA ferme puis rouvre normalement","éléments conservés réapparaissent sur navigateur supporté"
AC135,FR135,"Données de période existent","acteur autorisé demande PDF","rapport est généré ou erreur relançable affichée"
AC136,FR136,"Rapport simple est généré","contenu est inspecté","sections prévues et seules données autorisées sont présentes"
AC137,FR137,"Rapport généré","en-tête/pied sont lus","date de génération et période sont indiquées"
AC138,FR138,"Rapport prêt","utilisateur télécharge ou partage","fichier valide est remis via mécanisme choisi"
AC139,FR139,"Générateur a permissions limitées","rapport est produit","aucune donnée hors périmètre n'apparaît"
AC140,FR140,"Rapport est ouvert","utilisateur lit les mentions","absence d'expertise/certification est explicitée"
AC141,FR141,"Formule disponible","OWNER ou CONTRACTOR choisit et déclare paiement","référence en attente de vérification est créée"
AC142,FR142,"Licence payée par une partie","autorisations sont comparées","aucun rôle ou droit n'a changé"
AC143,FR143,"Paiement vérifiable en attente","admin confirme les éléments","licence activée avec audit complet"
AC144,FR144,"Licence approche puis dépasse échéance","temps avance","notifications et grâce de 30 jours sont appliquées"
AC145,FR145,"Grâce terminée sans renouvellement","écriture est tentée","serveur refuse et chantier reste consultable"
AC146,FR146,"Chantier en lecture seule","membre consulte ou exporte","lecture/export autorisé selon droits"
AC147,FR147,"Chantier en lecture seule","renouvellement est validé","écritures autorisées redeviennent possibles"
AC148,FR148,"Licence expire","traitement d'expiration s'exécute","aucune donnée n'est supprimée"
AC149,FR149,"Action sensible aboutit ou échoue","transaction se termine","événement d'audit correspondant existe"
AC150,FR150,"Événement auditable est créé","audit est consulté","acteur; heure serveur; objet; action; résultat et motif requis sont présents"
AC151,FR151,"Rôle principal ouvre audit chantier","filtre d'autorisation s'applique","seuls événements autorisés sont visibles"
AC152,FR152,"Rôle métier tente update/delete audit","requête atteint serveur","opération est refusée"
AC153,FR153,"Admin ouvre supervision normale","il consulte événements techniques","métadonnées visibles sans contenu privé du chantier"
AC154,FR154,"Ticket support justifie accès privé","admin obtient accès temporaire","périmètre/durée/motif sont appliqués et audités"
AC155,FR155,"Admin autorisé","il modifie compte; licence ou paramètre permis","changement validé et audité"
AC156,FR156,"Compte ou chantier présente motif valable","admin confirme suspension","nouvelles actions bloquées et notification créée"
AC157,FR157,"Signalements existent","admin ouvre support","liste minimisée et statuts sont disponibles"
AC158,FR158,"Session compromise identifiée","admin la révoque","session perd l'accès dans le délai cible"
AC159,FR159,"Accès exceptionnel demandé","admin définit dossier; motif; périmètre et durée","autorisation limitée est créée"
AC160,FR160,"Accès exceptionnel commence ou finit","système traite événement","audit et notification conformes à la politique sont créés"
AC177,FR177,"Photo finalisée en brouillon, auteur toujours CONTRACTOR/SITE_MANAGER actif","auteur publie explicitement la photo","statut passe à publié, droits revérifiés côté serveur, lecture ouverte à l'équipe selon MEDIA_VIEW"
