id,contract,kind,online_required,allowed_roles,input_core,output_core,idempotent,server_path
API001,auth.sign_up,AUTH,yes,PUBLIC,"email_or_phone,password,locale","user_id,verification_status",yes,SUPABASE_AUTH
API002,auth.sign_in,AUTH,yes,PUBLIC,"identifier,password,device_label","session,profile",no,SUPABASE_AUTH
API003,auth.verify_identifier,AUTH,yes,AUTHENTICATED,"identifier,otp","verification_status",yes,SUPABASE_AUTH
API004,auth.link_identifier,COMMAND,yes,AUTHENTICATED,"identifier,proof","profile_identifier",yes,SERVER_FUNCTION
API005,project.list,QUERY,yes,AUTHENTICATED,"cursor,filters","projects,next_cursor",yes,RLS_QUERY
API006,project.get,QUERY,yes,MEMBER,"project_id","project,permissions,freshness",yes,RLS_QUERY
API007,project.create,COMMAND,yes,"OWNER|CONTRACTOR","operation_uuid,creator_role,draft","project,server_revision",yes,SQL_RPC
API008,project.update_draft,COMMAND,no,"OWNER_PRIMARY|CONTRACTOR","operation_uuid,project_id,base_revision,patch","project,server_revision",yes,SYNC_OR_SQL_RPC
API009,project.activate,COMMAND,yes,"OWNER_PRIMARY|CONTRACTOR","operation_uuid,project_id,base_revision","project,audit_event",yes,SQL_RPC
API010,project.archive,COMMAND,yes,"OWNER_PRIMARY|CONTRACTOR_DELEGATED","operation_uuid,project_id,reason","project,audit_event",yes,SQL_RPC
API011,project.check_duplicate,QUERY,yes,"OWNER|CONTRACTOR","project_fingerprint","candidates,risk_level",yes,SQL_RPC
API012,invitation.create,COMMAND,yes,"OWNER_PRIMARY|CONTRACTOR","operation_uuid,project_id,target,proposed_role,expires_at","invitation,one_time_token",yes,SQL_RPC
API013,invitation.resolve,QUERY,yes,AUTHENTICATED,"token","minimal_context,target_match",yes,SQL_RPC
API014,invitation.accept,COMMAND,yes,AUTHENTICATED,"operation_uuid,token","membership,project",yes,SQL_RPC
API015,invitation.refuse,COMMAND,yes,AUTHENTICATED,"operation_uuid,token,reason_optional","invitation_status",yes,SQL_RPC
API016,invitation.revoke,COMMAND,yes,"SENDER|PRIMARY_ROLE","operation_uuid,invitation_id,reason","invitation_status",yes,SQL_RPC
API017,membership.list,QUERY,yes,MEMBER,"project_id","members,delegations",yes,RLS_QUERY
API018,membership.remove,COMMAND,yes,"OWNER_PRIMARY|CONTRACTOR_PRIMARY","operation_uuid,project_id,membership_id,reason","membership_status",yes,SQL_RPC
API019,membership.transfer_primary,COMMAND,yes,"CURRENT_PRIMARY|RECOVERY_SUPPORT","operation_uuid,project_id,new_member_id,proof,reason","transfer,memberships",yes,SQL_RPC
API020,membership.grant_permission,COMMAND,yes,OWNER_PRIMARY,"operation_uuid,project_id,membership_id,permission,expires_at","delegation",yes,SQL_RPC
API021,membership.revoke_permission,COMMAND,yes,OWNER_PRIMARY,"operation_uuid,delegation_id,reason","delegation_status",yes,SQL_RPC
API022,phase.list,QUERY,yes,MEMBER,"project_id","phases,progress",yes,RLS_QUERY
API023,phase.copy_template,COMMAND,yes,"OWNER_PRIMARY|CONTRACTOR","operation_uuid,project_id,template_id","phases",yes,SQL_RPC
API024,phase.create_draft,COMMAND,no,"OWNER_PRIMARY|CONTRACTOR","operation_uuid,project_id,payload","phase,server_revision",yes,SYNC_OR_SQL_RPC
API025,phase.update_draft,COMMAND,no,"OWNER_PRIMARY|CONTRACTOR|SITE_MANAGER_DELEGATED","operation_uuid,phase_id,base_revision,patch","phase,server_revision",yes,SYNC_OR_SQL_RPC
API026,phase.publish,COMMAND,yes,"OWNER_PRIMARY|CONTRACTOR","operation_uuid,phase_id,base_revision,payload","phase_version",yes,SQL_RPC
API027,phase.mark_complete,COMMAND,yes,"CONTRACTOR|SITE_MANAGER_DELEGATED","operation_uuid,phase_id,version_id,note","phase_status",yes,SQL_RPC
API028,phase.validate,COMMAND,yes,"OWNER_PRIMARY|OWNER_DELEGATED","operation_uuid,phase_id,version_id,decision,note","validation_event,progress",yes,SQL_RPC
API029,journal.list,QUERY,yes,MEMBER,"project_id,date_range,cursor","entries,next_cursor",yes,RLS_QUERY
API030,journal.save_draft,COMMAND,no,"CONTRACTOR|SITE_MANAGER|OWNER_DELEGATED","operation_uuid,project_id,entity_id,base_revision,payload","journal,server_revision",yes,SYNC_OR_SQL_RPC
API031,journal.publish,COMMAND,yes,"CONTRACTOR|SITE_MANAGER|OWNER_DELEGATED","operation_uuid,journal_id,base_revision,payload","journal_version",yes,SQL_RPC
API032,journal.correct,COMMAND,yes,"AUTHOR_AUTHORIZED|CONTRACTOR","operation_uuid,journal_id,base_version_id,reason,payload","new_version",yes,SQL_RPC
API033,media.prepare_upload,COMMAND,yes,"CONTRACTOR|SITE_MANAGER|OWNER_DELEGATED","operation_uuid,project_id,entity_ref,mime,size,sha256","asset_id,upload_authorization",yes,SERVER_FUNCTION
API034,media.finalize_upload,COMMAND,yes,"UPLOADER|CONTRACTOR","operation_uuid,asset_id,sha256,metadata","media_asset",yes,SERVER_FUNCTION
API035,media.archive,COMMAND,yes,"UPLOADER_AUTHORIZED|CONTRACTOR","operation_uuid,asset_id,reason","media_status",yes,SQL_RPC
API036,budget.get,QUERY,yes,"OWNER|CONTRACTOR|SITE_MANAGER_DELEGATED","project_id","budget,current_version",yes,RLS_QUERY
API037,budget.publish_version,COMMAND,yes,"OWNER_PRIMARY|CONTRACTOR","operation_uuid,project_id,base_version_id,amount,reason","budget_version",yes,SQL_RPC
API038,expense.list,QUERY,yes,"OWNER|CONTRACTOR|SITE_MANAGER_DELEGATED","project_id,filters,cursor","expenses,totals,next_cursor",yes,RLS_QUERY
API039,expense.save_draft,COMMAND,no,"CONTRACTOR|SITE_MANAGER|OWNER_DELEGATED","operation_uuid,project_id,expense_id,base_revision,payload","expense,server_revision",yes,SYNC_OR_SQL_RPC
API040,expense.publish,COMMAND,yes,"CONTRACTOR|SITE_MANAGER_DELEGATED|OWNER_DELEGATED","operation_uuid,expense_id,base_revision,payload","expense_version",yes,SQL_RPC
API041,expense.correct,COMMAND,yes,"OWNER_PRIMARY|CONTRACTOR","operation_uuid,expense_id,base_version_id,reason,replacement","new_version",yes,SQL_RPC
API042,expense.cancel,COMMAND,yes,"OWNER_PRIMARY|CONTRACTOR","operation_uuid,expense_id,version_id,reason","counter_entry,status",yes,SQL_RPC
API043,advance.declare,COMMAND,yes,"OWNER_PRIMARY|CONTRACTOR","operation_uuid,project_id,payload","advance,declaration_event",yes,SQL_RPC
API044,advance.acknowledge,COMMAND,yes,EXPECTED_RECIPIENT,"operation_uuid,advance_id,note","receipt_event",yes,SQL_RPC
API045,advance.dispute,COMMAND,yes,"OWNER|CONTRACTOR","operation_uuid,advance_id,reason","dispute_event",yes,SQL_RPC
API046,advance.cancel,COMMAND,yes,"OWNER_PRIMARY|CONTRACTOR","operation_uuid,advance_id,reason","cancel_event",yes,SQL_RPC
API047,approval.request,COMMAND,yes,"OWNER_DELEGATED|CONTRACTOR|SITE_MANAGER_DELEGATED","operation_uuid,project_id,target_type,target_version_id,note","approval_request",yes,SQL_RPC
API048,approval.decide,COMMAND,yes,"OWNER_PRIMARY|OWNER_DELEGATED","operation_uuid,request_id,decision,reason","approval_decision",yes,SQL_RPC
API049,incident.save_draft,COMMAND,no,MEMBER,"operation_uuid,project_id,incident_id,base_revision,payload","incident,server_revision",yes,SYNC_OR_SQL_RPC
API050,incident.transition,COMMAND,yes,"ASSIGNEE|CONTRACTOR|AUTHORIZED_OWNER","operation_uuid,incident_id,base_revision,to_state,note","incident_event,state",yes,SQL_RPC
API051,document.publish_version,COMMAND,yes,"OWNER|CONTRACTOR|SITE_MANAGER_DELEGATED","operation_uuid,project_id,document_id,asset_id,type,visibility,reason","document_version",yes,SQL_RPC
API052,document.archive,COMMAND,yes,"OWNER_PRIMARY|CONTRACTOR","operation_uuid,document_id,reason","document_status",yes,SQL_RPC
API053,dashboard.get,QUERY,yes,MEMBER,"project_id","indicators,alerts,freshness",yes,RLS_QUERY
API054,report.generate,COMMAND,yes,"OWNER|CONTRACTOR|SITE_MANAGER_DELEGATED","operation_uuid,project_id,scope,period","report_job",yes,SERVER_FUNCTION
API055,report.share,COMMAND,yes,"OWNER_PRIMARY|CONTRACTOR|REPORT_OWNER","operation_uuid,report_id,expires_at","share_link",yes,SERVER_FUNCTION
API056,report.revoke_share,COMMAND,yes,"LINK_CREATOR|OWNER_PRIMARY|CONTRACTOR","operation_uuid,share_id,reason","share_status",yes,SQL_RPC
API057,license.declare_payment,COMMAND,yes,"OWNER|CONTRACTOR","operation_uuid,project_id,amount,operator,reference,paid_at,proof_asset_id","payment,PENDING_REVIEW",yes,SQL_RPC
API058,license.activate,COMMAND,yes,PLATFORM_ADMIN,"operation_uuid,payment_id,verification_note","license,audit_event",yes,SQL_RPC
API059,sync.push,COMMAND,yes,AUTHENTICATED,"contract_version,device_id,operations[]","item_results,event_cursor",yes,SERVER_FUNCTION
API060,sync.pull,QUERY,yes,MEMBER,"project_id,after_cursor,limit","events,next_cursor,has_more",yes,SQL_RPC
API061,sync.resolve_conflict,COMMAND,yes,OPERATION_ACTOR,"operation_uuid,conflict_id,resolution,new_base_revision,new_payload","item_result",yes,SQL_RPC
API062,support.grant_access,COMMAND,yes,PLATFORM_ADMIN_AUTHORIZED,"operation_uuid,case_id,project_id,scope,reason,expires_at,approver","grant,audit_event",yes,SQL_RPC
API063,support.revoke_access,COMMAND,yes,"APPROVER|PLATFORM_ADMIN_AUTHORIZED","operation_uuid,grant_id,reason","grant_status,audit_event",yes,SQL_RPC
