id,module,rule
BR001,auth,"Un compte représente une personne physique; les accès professionnels passent par des adhésions."
BR002,auth,"Téléphone ou e-mail doit être normalisé et unique lorsqu'il est vérifié."
BR003,auth,"L'association de deux identifiants exige leur vérification et une preuve de contrôle du compte existant."
BR004,auth,"La récupération utilise uniquement un canal vérifié ou une procédure support renforcée et auditée."
BR005,auth,"Un code transmis par l'invitant n'est pas un OTP; le compte reste provisional."
BR006,security,"Approbation; refus; transfert de rôle; retrait principal et activation exigent connexion et identité requise vérifiée."
BR007,security,"Les échecs d'authentification sont limités par compte; identifiant; appareil et fenêtre temporelle."
BR008,security,"Chaque session est révocable et identifiée par appareil; date et dernière activité."
BR009,profile,"La modification d'un identifiant de connexion suit une nouvelle vérification."
BR010,privacy,"Export et fermeture sont traités selon délais et obligations légales documentés."
BR011,privacy,"La fermeture peut anonymiser l'auteur tout en conservant les écritures nécessaires; aucune suppression contraire aux obligations."
BR012,organization,"Un entrepreneur reçoit une organisation personnelle; ses chantiers lui sont rattachés sans exposer ceux d'autrui."
BR013,tenancy,"Toute lecture ou écriture exige une adhésion active et le périmètre chantier/organisation correspondant."
BR014,project,"Le créateur choisit OWNER ou CONTRACTOR; ce choix détermine le rôle initial mais pas les droits de l'autre partie."
BR015,project,"Nom et pays sont obligatoires; adresse précise; coordonnées; dates et budget peuvent rester incomplets en brouillon."
BR016,authorization,"Le serveur filtre chaque donnée et export selon rôle; profil; adhésion; visibilité; état et organisation."
BR017,project,"Une modification publiée est attribuée; les changements sensibles créent un historique."
BR018,project,"Archiver interdit de nouvelles écritures ordinaires mais conserve consultation et restauration autorisée."
BR019,project,"Un doublon probable produit un avertissement; aucune fusion automatique au MVP."
BR020,project,"Les changements de statut sont contrôlés; horodatés et non destructifs."
BR021,invitation,"OWNER principal et CONTRACTOR peuvent s'inviter mutuellement; chaque invitation propose un seul rôle."
BR022,invitation,"Le jeton est aléatoire; stocké sous forme protégée; à usage unique et expirant."
BR023,membership,"Défaut MVP: 1 OWNER principal; 2 copropriétaires; 1 CONTRACTOR principal; 2 SITE_MANAGER."
BR024,invitation,"Avant acceptation seules les informations minimales de contexte sont visibles."
BR025,invitation,"L'acceptation crée une adhésion atomiquement; deux acceptations concurrentes ne créent pas de doublon."
BR026,invitation,"Invitation expirée; refusée; utilisée ou révoquée est définitivement inutilisable."
BR027,invitation,"Si un contact cible est défini; le compte acceptant doit contrôler ce contact ou passer par une validation provisoire explicitement limitée."
BR028,membership,"Le retrait désactive l'adhésion mais conserve contributions; auteur; audit et décisions passées."
BR029,membership,"Un transfert principal exige ancien titulaire; nouveau titulaire; vérification et journalisation; récupération support séparée."
BR030,phase,"Les phases sont librement éditables avant publication; un modèle est copié dans le chantier."
BR031,phase,"Une phase publiée possède statut; ordre; dates et historique."
BR032,phase,"Modifier une phase publiée passe par une demande ou une nouvelle version selon son impact."
BR033,phase,"Terminer une phase opérationnellement et la valider par le propriétaire sont deux actions distinctes."
BR034,phase,"Progression MVP = phases validées / phases publiées applicables; aucune estimation technique implicite."
BR035,journal,"Un seul journal principal par chantier et date est recommandé; plusieurs entrées restent possibles avec auteur distinct."
BR036,offline,"Seuls brouillons de journal; média; dépense; reçu et incident sont créables hors ligne."
BR037,journal,"Un brouillon appartient à son auteur ou responsable autorisé; publier fige sa version visible."
BR038,history,"Toute correction publiée crée une version liée; une donnée validée exige annulation ou contre-écriture motivée."
BR039,comment,"Un commentaire conserve auteur et heure; retrait ou modération reste visible comme événement."
BR040,media,"Chaque média appartient à un chantier et possède auteur; origine; statut; taille; type et références métier."
BR041,media,"Les libellés autorisés sont Capturée dans l'application et Importée; jamais Vérifiée ou Incontestable."
BR042,privacy,"La localisation est refusée par défaut tant que le système n'a pas obtenu le consentement et la permission."
BR043,media,"La compression conserve une qualité lisible; l'original local n'est pas supprimé par l'application."
BR044,media,"Média publié n'est pas écrasé; correction ou retrait conserve référence et événement d'audit."
BR045,finance,"Le budget est déclaratif; sa devise MVP est FCFA; toute révision conserve l'ancienne valeur."
BR046,finance,"Les totaux sont dérivés des écritures actives; les montants annulés sont exclus mais restent consultables."
BR047,finance,"Une dépense exige montant positif; devise; date; catégorie et déclarant; fournisseur peut être inconnu."
BR048,finance,"Le reçu est facultatif; son absence peut exiger une justification textuelle selon le chantier."
BR049,finance,"SITE_MANAGER prépare; CONTRACTOR publie sauf délégation explicite et limitée."
BR050,finance,"Le propriétaire décide selon seuil configurable; en l'absence de seuil toute dépense publiée reste consultable sans être réputée approuvée."
BR051,finance,"Une opération financière validée n'est jamais éditée en place; correction par contre-écriture liée."
BR052,finance,"Le dépassement compare total actif et budget courant; il informe sans bloquer l'enregistrement."
BR053,export,"Un export porte période; auteur; date et périmètre; il respecte les autorisations au moment de la génération."
BR054,quota,"Un quota média ne limite jamais une écriture textuelle ou financière; seul le nouveau fichier peut être refusé."
BR055,advance,"Un acompte est une déclaration; il n'initie; ne reçoit et ne garantit aucun paiement."
BR056,advance,"Seul le récepteur attendu reconnaît la réception; chaque contestation ou annulation exige un motif."
BR057,advance,"Chaque écran et rapport d'acompte rappelle le caractère déclaratif lorsque le contexte peut créer une confusion."
BR058,approval,"Une demande cible un objet versionné; une décision ne s'applique qu'à cette version."
BR059,approval,"Une décision est append-only; rouvrir crée une nouvelle demande liée."
BR060,approval,"Un copropriétaire n'approuve que si OWNER principal lui accorde une permission explicite et révocable."
BR061,notification,"Les événements critiques créent une notification interne; les canaux externes suivent préférences et vérification."
BR062,incident,"Gravité MVP: faible; moyenne; élevée; urgente; une urgence déclenche une alerte mais pas un service de secours."
BR063,incident,"Clôturer exige une résolution; l'historique des changements reste visible."
BR064,document,"Types MVP: plan; devis; contrat; reçu; facture; autorisation; rapport; procès-verbal; autre."
BR065,document,"Un fichier non autorisé; trop volumineux ou suspect reste indisponible et son échec est expliqué."
BR066,document,"La visibilité d'un document ne peut dépasser les droits du déposant; défaut = rôles principaux."
BR067,document,"Remplacer un document crée une version; archiver ne supprime pas les versions antérieures."
BR068,dashboard,"Chaque indicateur est dérivé de données autorisées et affiche son état de fraîcheur."
BR069,sync,"La dernière synchronisation affichée provient du serveur; l'heure locale seule n'est pas une garantie."
BR070,ux,"Chaque liste vide distingue absence de données; absence de droit; chargement et erreur."
BR071,notification,"Une préférence ne peut désactiver une alerte de sécurité obligatoire; aucun e-mail vers une adresse non vérifiée."
BR072,sharing,"Le partage manuel utilise le mécanisme du terminal; un lien privé expire et ne contourne pas l'authentification."
BR073,privacy,"Notification écran verrouillé et e-mail minimisent montants; adresses et détails sensibles."
BR074,offline,"L'état de chaque opération locale est visible et persistant; l'automatisation dépend des capacités du navigateur."
BR075,offline,"Réessayer est idempotent: un même UUID ne crée jamais deux opérations serveur."
BR076,offline,"UUID est créé avant stockage local et conservé lors de chaque tentative."
BR077,concurrency,"Toute mise à jour de brouillon serveur compare une révision contrôlée par le serveur; conflit bloque l'écriture."
BR078,offline,"L'utilisateur est averti avant action susceptible d'effacer une file non synchronisée; aucune promesse de conservation illimitée locale."
BR079,report,"Le PDF est généré depuis un instantané autorisé et possède un identifiant; sa régénération peut différer si les données évoluent."
BR080,legal,"Le rapport est un outil de suivi; pas une expertise; certification ou garantie de conformité."
BR081,license,"Prix affiché; durée; contenu; statut et référence de paiement sont présentés avant confirmation."
BR082,license,"Le payeur peut être OWNER ou CONTRACTOR; la transaction ne modifie jamais rôle ou permission."
BR083,license,"Activation manuelle exige référence; montant; date; opérateur; vérificateur et audit; aucun secret Mobile Money n'est stocké."
BR084,license,"Expiration: notifications; grâce 30 jours; lecture seule; renouvellement réactive les écritures autorisées."
BR085,retention,"Aucune suppression à l'expiration; conservation et éventuelle purge future suivent une politique notifiée et validée juridiquement."
BR086,audit,"Un événement d'audit utilise l'heure serveur et contient acteur; action; objet; résultat; contexte minimal et motif requis."
BR087,audit,"Les rôles métier ne modifient ni ne suppriment l'audit; la consultation est filtrée."
BR088,admin,"PLATFORM_ADMIN gère la plateforme via métadonnées minimales et n'accède pas par défaut aux contenus privés."
BR089,admin,"L'accès exceptionnel précise motif; dossier support; périmètre; durée; approbateur et journal; il expire automatiquement."
BR090,admin,"Suspension bloque les nouvelles actions concernées; préserve preuves et audit; fournit un recours support."
BR107,media,"Une photo/vidéo de suivi reste en brouillon, lisible uniquement par son auteur tant qu'il reste CONTRACTOR ou SITE_MANAGER actif, jusqu'à sa publication explicite par ce même auteur (droits revérifiés au moment de la publication) ; après publication, lecture ouverte à l'équipe du chantier selon MEDIA_VIEW. Ne s'applique qu'aux photos/vidéos de suivi, jamais aux plans ni aux documents."
