component_id,visual_family,priority,mobile_behavior,desktop_behavior,critical_states
C001,shell,critical,full_width,sidebar_plus_content,loading|offline
C002,navigation,critical,compact_topbar,context_topbar,default|offline
C003,navigation,critical,fixed_bottom,not_used,default|active
C004,navigation,critical,not_used,fixed_collapsible,default|active|collapsed
C005,selector,high,bottom_sheet,dropdown,single|multiple
C006,status,critical,compact_text,compact_text,online|unstable|offline
C007,status,critical,compact_count,compact_count,synced|pending|failed|conflict
C008,status,high,wrap_content,wrap_content,neutral|attention|success|blocked
C009,action,critical,full_or_sticky,content_width,default|pressed|disabled|loading
C010,header,high,stacked,inline,default|with_back
C011,card,high,full_width,grid_item,normal|alert|read_only
C012,card,high,stack_or_2_col,3_col,loading|normal|warning
C013,feedback,critical,full_width,full_width,info|warning|error|offline
C014,list,medium,compact_row,comfortable_row,default|new
C015,filter,medium,bottom_sheet,inline,default|active
C016,feedback,high,centered,centered,first_use|filtered|permission
C017,form,critical,one_column,two_columns_max,default|collapsed
C018,form,critical,numeric_keyboard,tabular_input,empty|filled|error|disabled
C019,media,critical,camera_first,multi_source,default|permission_denied
C020,media,critical,2_col_grid,4_col_grid,local|queued|sending|sent|failed
C021,status,critical,below_title,near_actions,saved|saving|local|error
C022,audit,high,vertical,vertical,compact|expanded
C023,decision,critical,stacked_actions,inline_actions,approve|refuse|request_info
C024,form,critical,full_width,full_width,empty|required|filled
C025,overlay,critical,bottom_sheet,centered_modal,standard|double_confirmation
C026,progress,medium,vertical_or_scroll,horizontal,active|done|blocked
C027,list,high,stacked_identity,inline_identity,active|pending|removed
C028,overlay,medium,bottom_sheet,popover,whatsapp|system|download
C029,sync,critical,stacked,table_row,pending|syncing|failed|conflict
C030,sync,critical,stacked_versions,side_by_side,unresolved|resolved
C031,security,critical,inline_explanation,inline_explanation,role|verification|license|online
C032,feedback,medium,bottom_toast,top_right_toast,success|info|error
C033,loading,high,stable_height,stable_height,list|card|detail
C034,security,high,sticky_timer,header_timer,active|expired
C035,audit,high,stacked,inline,compact|full
C036,sync,critical,full_width,full_width,read_only|draft_allowed|online_required
