id,table_name,domain,purpose,tenant_key,write_pattern,main_relations
T001,profiles,identity,"Profil public minimal lié à Auth",none,"update contrôlé",auth.users
T002,profile_identifiers,identity,"E-mail/téléphone normalisés et état de vérification",none,"serveur uniquement",profiles
T003,organizations,organization,"Organisation personnelle ou entreprise d'un entrepreneur",organization_id,"archive logique",profiles
T004,organization_memberships,organization,"Membres et rôle interne d'organisation",organization_id,"révocation logique",organizations;profiles
T005,projects,tenancy,"Identité, statut et informations principales du chantier",project_id,"révision serveur + archive",organizations;profiles
T006,project_memberships,tenancy,"Accès et rôle d'une personne dans un chantier",project_id,"activation/révocation par transaction",projects;profiles
T007,membership_permissions,tenancy,"Délégations explicites et révocables",project_id,"événements datés",project_memberships
T008,invitations,access,"Invitation bidirectionnelle, cible, rôle, expiration et jeton haché",project_id,"états irréversibles",projects;profiles
T009,role_transfers,access,"Transfert sécurisé d'un rôle principal",project_id,"workflow append-only",project_memberships
T010,support_access_grants,access,"Accès support exceptionnel limité et expirant",project_id,"append-only + révocation",projects;profiles
T011,phase_templates,construction,"Modèles simples de phases",none,"versionnement administratif",phase_template_items
T012,phase_template_items,construction,"Étapes ordonnées d'un modèle",none,"versionnement administratif",phase_templates
T013,project_phases,construction,"Identité et ordre d'une phase du chantier",project_id,"pointeur de version + état",projects;phase_versions
T014,phase_versions,construction,"Contenu et corrections successives d'une phase",project_id,"append-only",project_phases
T015,daily_logs,construction,"Identité d'un journal quotidien",project_id,"pointeur de version + état",projects;daily_log_versions
T016,daily_log_versions,construction,"Versions publiées du journal",project_id,"append-only",daily_logs;project_phases
T017,comments,evidence,"Commentaires attribués sur objets autorisés",project_id,"append-only + modération visible",profiles
T018,media_assets,evidence,"Métadonnées du fichier, origine, empreinte et stockage",project_id,"immuable après publication",projects;profiles
T019,media_links,evidence,"Association d'un média à une version ou un objet",project_id,"append-only",media_assets
T020,documents,evidence,"Identité, type et visibilité d'un document",project_id,"pointeur de version + archive",projects;document_versions
T021,document_versions,evidence,"Fichiers et métadonnées des versions documentaires",project_id,"append-only",documents;media_assets
T022,budgets,finance,"Identité du budget courant du chantier",project_id,"pointeur de version",projects;budget_versions
T023,budget_versions,finance,"Montants successifs du budget avec motif",project_id,"append-only",budgets
T024,expense_categories,finance,"Catégories système et propres au chantier",project_id,"archive logique",projects
T025,expenses,finance,"Identité et état d'une dépense",project_id,"pointeur de version + état",projects;expense_versions
T026,expense_versions,finance,"Montant, date, fournisseur et correction d'une dépense",project_id,"append-only",expenses;expense_categories
T027,receipts,finance,"Justificatif lié à une version de dépense",project_id,"append-only + retrait visible",expense_versions;media_assets
T028,advances,finance,"B033 validée (M014 appliquée en local uniquement) — versement du client vers l'entreprise déclaré par OWNER/PRIMARY ou CONTRACTOR (D126) : montant, date, mode, référence, rôle du déclarant ; statut DECLARED/RECEIVED/DISPUTED/CANCELLED",project_id,"contenu immuable, seul le statut évolue par transition contrôlée",advance_ledgers;profiles
T029,advance_events,finance,"B033 validée (M014 appliquée en local uniquement) — journal unique du domaine (avance exigée, déclaration, confirmation, contestation, annulation, justificatif), ordonné par event_seq alloué sous verrou, motifs",project_id,"insertion seule, event_seq = numéro alloué par advance_ledgers",advances;advance_requirement_versions;profiles
T030,approval_requests,workflow,"Demande visant une version précise",project_id,"append-only + état dérivé",profiles
T031,approval_decisions,workflow,"Décision irréversible sur une demande",project_id,"append-only",approval_requests;profiles
T032,incidents,workflow,"Identité, gravité et responsable d'un incident",project_id,"révision serveur",projects;profiles
T033,incident_events,workflow,"Changements, résolution et clôture",project_id,"append-only",incidents;profiles
T034,project_licenses,service,"Période, statut, offre et payeur de la licence",project_id,"états contrôlés",projects
T035,license_payments,service,"Déclaration et vérification manuelle du paiement",project_id,"append-only",project_licenses;profiles
T036,notifications,service,"Notifications internes minimisées",project_id,"append-only + lecture",profiles
T037,notification_preferences,service,"Préférences par canal et événement",none,"upsert utilisateur",profiles
T038,report_exports,service,"Instantané, périmètre et fichier du rapport",project_id,"append-only",projects;media_assets
T039,share_links,service,"Lien privé expirant et révocable",project_id,"append-only + révocation",report_exports;profiles
T040,sync_operations,integrity,"Idempotence et résultat des opérations hors ligne",project_id,"insert unique + résultat serveur",profiles
T041,sync_conflicts,integrity,"Conflit de révision et résolution choisie",project_id,"append-only",sync_operations
T042,audit_events,integrity,"Acteur, action, cible, résultat et heure serveur",project_id,"append-only serveur",profiles
T043,duplicate_candidates,integrity,"Doublons probables et décision de rapprochement",project_id,"workflow sans fusion automatique",projects
T044,plan_catalog_items,commercial,"Modèle de plan proposé par l'agence (organisation)",organization_id,"versionnement administratif",organizations
T045,project_plans,commercial,"Plan retenu ou déposé pour un chantier, avec validation technique et publication",project_id,"pointeur de version + état",projects;plan_catalog_items
T046,quotes,commercial,"Livrée par B065, clôturée et validée après revue — identité du devis d'un chantier (un seul par chantier, D114) : révision propre incrémentée côté serveur, pointeur vers la seule proposition en attente (PROPOSED) et vers la version acceptée (posé une fois)",project_id,révision serveur à chaque mise à jour ; accepted_version_id immuable une fois posé ; jamais supprimé (trigger),projects;quote_versions
T047,quote_versions,commercial,"Livrée par B065, clôturée et validée après revue — version chiffrée d'un devis : plan retenu lié (D113), total en FCFA calculé côté serveur, statut ESTIMATE (privée, D116) / PROPOSED / ACCEPTED / REFUSED / SUPERSEDED",project_id,contenu immuable dès la création ; transitions ESTIMATE->PROPOSED et PROPOSED->ACCEPTED|REFUSED|SUPERSEDED seulement ; une seule PROPOSED par devis ; total = somme des lignes vérifié à la validation de la transaction,quotes;project_plan_versions;quote_version_lines
T048,change_orders,commercial,"B066 en cours (implémentation serveur M022, non terminée) — identité d'un avenant (plusieurs par chantier, D120), rattaché exactement à la version acceptée du devis (D121) : révision propre, pointeurs vers la proposition en attente et la version acceptée (figée, D122)",project_id,"pointeur de version + état, jamais supprimé",projects;quotes;quote_versions;change_order_versions
T049,change_order_versions,commercial,"B066 en cours (implémentation serveur M022, non terminée) — version chiffrée d'un avenant : titre et motif (D123), total > 0 (D119), statut ESTIMATE (privé, D118) / PROPOSED / ACCEPTED / REFUSED / SUPERSEDED (D124)",project_id,"append-only, contenu immuable, une seule PROPOSED et une seule ACCEPTED par avenant",change_orders
T050,plan_engineer_designations,commercial,"Ingénieur désigné par le propriétaire de l'agence pour valider techniquement ses plans, périmètre organisationnel",organization_id,"désignation/révocation, jamais de suppression physique",organizations;profiles
T051,plan_validations,commercial,"Livrée par B064 (validée après revue, commit 2063044) — demande puis décision de validation technique d'une version EXACTE de plan de chantier (project_plan_version_id) : désignation précise liée (organisation du chantier), soumise par le CONTRACTOR actif, décidée par l'ingénieur de cette désignation ; INDÉPENDANTE de plan_catalog_item_validations (T056)",project_id,"PENDING puis un seul état terminal (VALIDATED/REJECTED/CANCELLED), immuable ensuite, jamais supprimée (trigger) ; une seule demande PENDING par version (index unique partiel)",project_plan_versions;plan_engineer_designations;organizations
T052,catalog_access_grants,commercial,"Lien commercial invitant un client à consulter le catalogue publié d'une agence, sans adhésion",organization_id,"invitation/révocation, jamais une adhésion",organizations;profiles
T053,project_plan_shares,commercial,"Livrée par B064 (validée après revue, commit 2063044) — accès explicite d'un SITE_MANAGER actif à la version ACTUELLEMENT publiée, accordé par le CONTRACTOR actif (D096/D111), attaché à cette version précise ; toute nouvelle publication révoque les octrois actifs (aucune réactivation par republication de la même version)",project_id,"insertion à l'octroi, seule mutation permise : révocation unique (revoked_at_server), jamais de suppression (trigger) ; un seul octroi actif par (version, adhésion SITE_MANAGER) ; distinct des délégations membership_permissions",project_plan_versions;project_memberships
T054,private_object_uploads,integrity,"Suivi générique idempotent de préparation/finalisation d'un fichier privé, consommé par les domaines applicatifs","project_id et organization_id (colonnes nullables avec FK réelles, exactement l'une des deux renseignée)","insert-first sur operation_uuid unique (acteur+paramètres), append-only, aucun remplacement d'octets après FINALIZED",projects;organizations;profiles
T055,plan_catalog_item_versions,commercial,"Livrée par B061 (clôturée et validée par le fondateur) — fichier finalisé IMMUABLE d'une version d'un modèle de catalogue, jamais réécrit (trigger append-only)",organization_id,"append-only, FK composite avec plan_catalog_items et private_object_uploads (même organisation garantie en base)",plan_catalog_items;private_object_uploads;organizations
T056,plan_catalog_item_validations,commercial,"Livrée par B061 (clôturée et validée par le fondateur) — décision de validation technique d'une version de catalogue, INDÉPENDANTE de plan_validations (T051, chantier) ; désignation précise liée, jamais seulement l'organisation",organization_id,"état terminal explicite (VALIDATED/REJECTED/CANCELLED), immuable une fois terminal (trigger), jamais de suppression",plan_catalog_item_versions;plan_engineer_designations;organizations
T057,plan_catalog_item_upload_targets,integrity,"Livrée par B061 (clôturée et validée par le fondateur) — lie chaque opération d'upload catalogue à son item cible dans un paramètre immuable, empêche un rejeu vers un item différent",organization_id,"insert unique par private_object_upload_id, jamais modifié",plan_catalog_items;private_object_uploads;organizations
T058,project_plan_publications,commercial,"Livrée par B064 (validée après revue, commit 2063044) — journal des publications au chantier : version exacte publiée, validation VALIDATED qui l'autorise, version précédemment publiée, auteur et date ; le pointeur courant est projects.published_plan_version_id",project_id,"insertion seule, UPDATE et DELETE refusés (trigger)",project_plan_versions;plan_validations;projects
T059,quote_version_lines,commercial,"Livrée par B065, clôturée et validée après revue — lignes de prestations d'une version de devis : libellé, unité, quantité NUMERIC(10,3), prix unitaire et montant de ligne en FCFA (D115)",project_id,"insertion uniquement dans la transaction de création de la version (aucun ajout tardif), jamais modifiée ni supprimée ; montant = round(quantité × prix) vérifié par contrainte",quote_versions
T060,quote_proposals,commercial,"Livrée par B065, clôturée et validée après revue — événement de proposition d'une version au client : auteur, date, version du plan publiée, version remplacée",project_id,"insertion seule, UPDATE et DELETE refusés (trigger)",quote_versions;project_plan_versions
T061,quote_decisions,commercial,"Livrée par B065, clôturée et validée après revue — décision du client (OWNER/PRIMARY, D112) sur une version proposée : acceptée ou refusée, date, motif facultatif",project_id,"insertion seule, une seule par version, UPDATE et DELETE refusés (trigger)",quote_versions
T062,change_order_version_lines,commercial,"B066 en cours (implémentation serveur M022, non terminée) — lignes d'une version d'avenant au format D115, prix et montant de ligne > 0 (D119)",project_id,"insertion uniquement dans la transaction de création de la version, jamais modifiées ni supprimées",change_order_versions
T063,change_order_proposals,commercial,"B066 en cours (implémentation serveur M022, non terminée) — événement de proposition d'une version d'avenant : auteur, date, version remplacée du même avenant",project_id,"insertion seule",change_order_versions;change_orders
T064,change_order_decisions,commercial,"B066 en cours (implémentation serveur M022, non terminée) — décision OWNER/PRIMARY (D117) sur une version d'avenant proposée : acceptée ou refusée, date, motif facultatif",project_id,"insertion seule, une seule décision par version",change_order_versions;change_orders
T065,change_order_execution_authorizations,commercial,"B066 en cours (implémentation serveur M022, non terminée) — autorisation d'exécution explicite du CONTRACTOR (D125) sur la version acceptée, une seule par avenant",project_id,"insertion seule",change_order_versions;change_orders
T066,advance_ledgers,finance,"B033 validée (M014 appliquée en local uniquement) — registre par chantier : révision, compteur d'événements transactionnel, version courante de l'avance exigée, figement posé par B067",project_id,"une mise à jour = un numéro alloué ; jamais supprimé",projects;advance_requirement_versions
T067,advance_requirement_versions,finance,"B033 validée (M014 appliquée en local uniquement) — versions de l'avance exigée (au moins 1 FCFA, plafonnée au montant contractuel courant, D127-D131)",project_id,"insertion seule",advance_ledgers;profiles
T068,advance_operations,finance,"B033 validée (M014 appliquée en local uniquement) — idempotence : operation_uuid, profil, chantier, commande, empreinte serveur des paramètres normalisés, résultat de l'opération",project_id,"insertion seule",advance_ledgers;advances;advance_requirement_versions
T069,advance_receipts,finance,"B033 validée (M014 appliquée en local uniquement) — liaison unique d'un justificatif privé finalisé à un versement (D134)",project_id,"insertion seule, créée avec FINALIZED dans la même transaction",advances;private_object_uploads;advance_receipt_upload_targets
T070,advance_receipt_upload_targets,integrity,"B033 validée (M014 appliquée en local uniquement) — cible immuable (versement) liée à l'opération d'upload dès la préparation",project_id,"insertion seule",private_object_uploads;advances
T071,work_start_authorizations,commercial,"B067 en revue (M027/M027b appliquées en local uniquement, non validée) — autorisation de démarrage unique par chantier, non révocable, instantané immuable : auteur (profil et repère d'adhésion, M027b), heure, statut du chantier, devis et version acceptée, montant contractuel, version de plan et validation, version et montant d'avance figés, somme reconnue, numéro d'événement de figement (D135-D139)",project_id,"insertion seule, dans la transaction de figement",projects;quotes;quote_versions;project_plan_versions;plan_validations;advance_requirement_versions;advance_events
