token,type,value,usage
color.primary,color,#0B3B5C,Marque et action principale (marine)
color.primary_dark,color,#072A42,Action pressée et texte accentué (marine nuit)
color.action,color,#8A6A15,Action secondaire et attention (doré)
color.sand,color,#EEF2F5,Fond neutre clair
color.ink,color,#16212B,Texte principal
color.muted,color,#5C6B75,Texte secondaire
color.surface,color,#FFFFFF,Carte et surface (blanc)
color.danger,color,#B42318,Erreur refus incident
color.success,color,#0B6B49,Validation synchronisation réussie (émeraude)
font.ui,font,"Inter, system-ui, sans-serif",Interface
font.mobile_fallback,font,"Roboto, Arial, sans-serif",Android modeste
font.body_size,size,16px,Texte courant minimum
radius.small,radius,8px,Champs et badges
radius.medium,radius,12px,Cartes
radius.large,radius,18px,Modales et panneaux
space.1,spacing,4px,Micro espace
space.2,spacing,8px,Petit espace
space.3,spacing,12px,Espace interne
space.4,spacing,16px,Espace courant
space.6,spacing,24px,Section
touch.minimum,size,44px,Zone tactile minimale
