id,term,definition
G001,Chantier,"Projet de construction suivi dans l'application."
G002,Organisation,"Espace professionnel de l'entrepreneur, individuel ou entreprise."
G003,Adhésion,"Lien autorisé entre un compte et un chantier ou une organisation."
G004,Rôle,"Ensemble de permissions attribué dans un périmètre précis."
G005,Propriétaire principal,"OWNER responsable des décisions sensibles et du transfert de propriété."
G006,Copropriétaire,"OWNER non principal; consulte et commente, approbation optionnelle."
G007,Entrepreneur principal,"CONTRACTOR responsable des opérations et de son équipe."
G008,Chef de chantier,"SITE_MANAGER chargé de la saisie opérationnelle autorisée."
G009,Phase,"Étape structurante du chantier."
G010,Journal quotidien,"Compte rendu daté des travaux, difficultés et prochaines actions."
G011,Preuve,"Photo, reçu ou document rattaché à une opération; sans garantie absolue d'authenticité."
G012,Photo capturée,"Photo prise depuis l'application avec métadonnées disponibles et consenties."
G013,Photo importée,"Photo sélectionnée depuis l'appareil; provenance non attestée par l'application."
G014,Budget initial,"Montant prévisionnel déclaré pour le chantier."
G015,Dépense,"Sortie financière déclarée; l'application n'exécute pas le paiement."
G016,Reçu,"Justificatif joint à une dépense."
G017,Acompte déclaré,"Versement déclaré entre parties, distinct de la preuve de l'opérateur de paiement."
G018,Approbation,"Décision horodatée: approuver, refuser ou demander information/correction."
G019,Incident,"Événement affectant coût, délai, sécurité ou exécution."
G020,Invitation,"Jeton temporaire proposant un rôle sur un chantier."
G021,Code d'invitation,"Code d'association; ne vérifie ni identité ni possession du numéro."
G022,Compte provisoire,"Compte dont le téléphone ou l'identité requise n'est pas encore vérifié."
G023,Contact vérifié,"Téléphone ou e-mail vérifié par un canal indépendant approprié."
G024,Brouillon,"Enregistrement non publié et encore modifiable."
G025,Publié,"Enregistrement visible dont les corrections sont versionnées."
G026,Validé,"Enregistrement figé; correction par annulation ou nouvelle version liée."
G027,Contre-écriture,"Nouvelle opération annulant ou corrigeant une opération validée sans l'effacer."
G028,Journal d'audit,"Suite d'événements horodatés et attribués concernant les actions sensibles."
G029,File de synchronisation,"Liste locale visible des opérations attendant le serveur."
G030,Conflit,"Divergence détectée entre version locale et révision serveur."
G031,Révision serveur,"Numéro contrôlé par le serveur pour détecter une modification concurrente."
G032,Licence chantier,"Droit d'écriture limité dans le temps pour un chantier."
G033,Période de grâce,"Délai de 30 jours après expiration avant passage en lecture seule."
G034,Lecture seule,"Consultation et export autorisés; nouvelles écritures interdites."
G035,Accès exceptionnel,"Accès support temporaire, motivé, limité et audité aux données privées."
G036,Rapprochement,"Traitement contrôlé d'un chantier potentiellement dupliqué, sans fusion automatique."
