order,id,name,depends_on,rollback_or_recovery,validation_gate
1,M001,"extensions enums fonctions communes",none,"migration inverse en développement","base vide migre sans erreur"
2,M002,"profiles profile_identifiers",M001,"suppression dev seulement avant données","unicité e-mail/téléphone"
3,M003,"organizations organization_memberships",M002,"archive logique après pilote","isolation organisation"
4,M004,"projects project_memberships permissions",M002;M003,"migration corrective non destructive","accès croisé refusé"
5,M005,"audit_events sync_operations",M004,"append-only; jamais rollback destructif","UPDATE DELETE refusés"
6,M006,"invitations role_transfers support_grants",M004;M005,"états de révocation","acceptation concurrente atomique"
7,M007,"phase_templates template_items",M001,"désactivation de version","copie de modèle"
8,M008,"project_phases phase_versions",M004;M007,"nouvelle version corrective","version publiée immuable"
9,M009,"daily_logs versions comments",M004;M008,"nouvelle version corrective","publication et correction liées"
10,M010,"media_assets media_links storage_policies",M004;M005,"objet orphelin mis en quarantaine","bucket privé et accès croisé refusé"
11,M011,"documents document_versions",M010,"archive et nouvelle version","ancien document conservé"
12,M012,"budgets budget_versions categories",M004;M005,"nouvelle version","montants bigint et totaux"
13,M013,"expenses versions receipts",M010;M012,"contre-écriture","finance validée immuable"
14,M014,"advances advance_events",M004;M005,"événement d'annulation","récepteur attendu contrôlé"
15,M015,"approvals decisions",M008;M009;M013;M014,"nouvelle demande liée","décision append-only"
16,M016,"incidents incident_events",M004;M005,"événement correctif","machine d'états testée"
17,M017,"licenses payments notifications",M004;M005;M010,"nouvel événement ou statut","droits indépendants du paiement"
18,M018,"reports shares conflicts duplicates",M005;M010;M013,"révocation et résolution","liens expirants et conflits visibles"
19,M019,"plan_catalog_items",M003,"retrait de version administratif","copie ou référence contrôlée par validation technique"
20,M020,"project_plans",M004;M019,"nouvelle version corrective","plan publié seulement après validation technique"
21,M021,"quotes quote_versions",M004,"nouvelle version corrective","montant contractuel dérivé du seul devis accepté"
22,M022,"change_orders change_order_versions",M004;M021,"nouvelle version corrective","exécution autorisée seulement si avenant accepté"
23,M023,"plan_engineer_designations",M002;M003,"désignation/révocation, jamais suppression physique","propriétaire courant revérifié sous verrou (is_account_provisional, M002a), isolation par organisation et anti-énumération prouvées par appel RPC direct"
24,M024,"catalog_access_grants",M003,"révocation du lien commercial","aucune adhésion créée par le lien commercial"
25,M025,"project_plan_shares",M020,"octroi/révocation explicite","accès SITE_MANAGER distinct des délégations existantes"
26,M026,"private_object_uploads",M001,"append-only idempotent, aucun rollback destructif","chemin construit serveur, refus par défaut hors branches connues"
