id,lot,priority,task,depends_on,done_when
B001,L00,P0,"Créer dépôt Next.js TypeScript séparé",none,"build local réussi"
B002,L00,P0,"Configurer environnements développement test production",B001,"variables documentées sans secret versionné"
B003,L00,P0,"Installer tokens visuels et composants de base",B001,"écrans utilisent le même thème"
B004,L00,P0,"Créer manifest service worker et shell responsive",B001,"PWA installable sous HTTPS"
B005,L00,P0,"Mettre en place lint types tests et intégration continue",B001,"pipeline bloque une erreur"
B006,L01,P0,"Créer enums extensions et conventions SQL",B002,"migration rejouable sur base vide"
B007,L01,P0,"Créer profiles et identifiants",B006,"unicité normalisée testée"
B008,L01,P0,"Créer organizations et adhésions",B007,"organisations isolées"
B009,L01,P0,"Créer projects memberships permissions",B007,"project_id présent et contraintes actives"
B010,L01,P0,"Créer fonctions RLS de base",B009,"tests autorisés et refusés réussissent"
B011,L01,P0,"Créer audit et opérations idempotentes",B009,"UPDATE et DELETE audit refusés"
B012,L02,P0,"Implémenter inscription e-mail/téléphone et connexion",B007,"parcours complet testé"
B013,L02,P0,"Gérer compte provisional et vérification",B012,"actions sensibles refusées si non vérifié"
B014,L02,P0,"Créer et modifier un chantier brouillon",B009,"révision serveur contrôlée"
B015,L02,P0,"Créer invitation bidirectionnelle",B014,"jeton haché expirant et usage unique"
B016,L02,P0,"Accepter refuser et révoquer invitation",B015,"adhésion atomique sans doublon"
B017,L02,P0,"Gérer participants délégations et retraits",B016,"quotas et rôle principal protégés"
B018,L02,P0,"Transférer un rôle principal",B017,"double confirmation et audit"
B019,L03,P0,"Créer modèles simples et phases",B014,"modèle copié dans le chantier"
B020,L03,P0,"Publier corriger et valider une phase",B019,"versions antérieures visibles"
B021,L03,P0,"Créer journal quotidien en brouillon",B014,"brouillon auteur modifiable"
B022,L03,P0,"Publier et corriger journal",B021,"nouvelle version liée"
B023,L03,P1,"Ajouter commentaires attribués",B022,"modération reste visible"
B024,L03,P0,"Créer et faire évoluer les incidents",B014,"transitions invalides refusées"
B025,L04,P0,"Compresser photo côté PWA",B004,"qualité lisible et taille réduite"
B026,L04,P0,"Préparer et finaliser upload privé",B010,"fichier visible après validation seulement"
B027,L04,P0,"Afficher galerie avec origine et métadonnées",B026,"capturée/importée clairement indiqué"
B028,L04,P0,"Gérer documents et versions",B026,"remplacement conserve ancienne version"
B029,L04,P0,"Tester accès croisé aux fichiers",B026,"fichier d'un autre chantier refusé"
B030,L05,P0,"Créer budget prévisionnel interne et révisions (privé, distinct du montant contractuel)",B014,"montants bigint FCFA; budget privé par défaut sans exception de seuil (BR099)"
B031,L05,P0,"Créer et publier dépenses",B030,"totaux dérivés des écritures actives"
B032,L05,P0,"Associer reçus facultatifs",B026;B031,"absence et justification gérées"
B033,L05,P0,"Déclarer et suivre acomptes, y compris fixer le montant de l'avance exigée",B014,"aucun paiement déclenché; montant d'avance exigé enregistré avant tout paiement déclaré; registre réutilisé par B067/B068"
B034,L05,P0,"Créer demandes et décisions d'approbation",B031,"décision vise version exacte"
B035,L05,P0,"Corriger ou annuler finance validée",B031,"contre-écriture liée obligatoire"
B036,L06,P0,"Créer base IndexedDB locale",B021;B031,"brouillons persistent après fermeture"
B037,L06,P0,"Créer file UUID et dépendances",B036,"une opération active par entité"
B038,L06,P0,"Implémenter sync push idempotent",B037,"retry ne duplique aucune donnée"
B039,L06,P0,"Implémenter pull par curseur serveur",B038,"changements paginés sans horloge client"
B040,L06,P0,"Créer écran de file et états réseau",B037,"attente erreur conflit visibles"
B041,L06,P0,"Créer résolution de conflits brouillons",B038,"choix utilisateur enregistré"
B042,L06,P0,"Créer correction liée pour conflit financier",B035;B041,"écrasement forcé impossible"
B043,L06,P0,"Gérer reprise des médias",B026;B037,"upload reprend sans doublon"
B044,L07,P0,"Créer tableaux de bord par rôle",B020;B031,"fraîcheur et droits affichés"
B045,L07,P0,"Créer notifications internes et e-mail",B016;B034,"aucun e-mail non vérifié"
B046,L07,P0,"Générer rapport PDF simple",B028;B031,"instantané identifié et autorisé"
B047,L07,P1,"Partager rapport manuellement vers WhatsApp",B046,"lien expirant ou fichier partagé"
B048,L08,P0,"Déclarer paiement de licence",B026;B014,"preuve et statut PENDING_REVIEW"
B049,L08,P0,"Créer activation manuelle administrateur",B048,"payeur ne gagne aucun droit"
B050,L08,P0,"Créer interface admin à métadonnées minimales",B010,"contenus privés absents"
B051,L08,P0,"Créer accès support limité et expirant",B050,"motif périmètre et audit obligatoires"
B052,L09,P0,"Tester matrice RLS complète",B029;B035;B051,"chaque politique a accès permis et refusés"
B053,L09,P0,"Tester parcours E2E prioritaires",B043;B049,"invitation journal finance sync réussissent"
B054,L09,P0,"Tester Android modeste et faible réseau",B053,"parcours critiques utilisables"
B055,L09,P0,"Vérifier accessibilité et français simple",B044,"navigation clavier contraste et libellés conformes"
B056,L09,P0,"Configurer erreurs logs alertes et métriques",B053,"incident possède référence exploitable"
B057,L09,P0,"Configurer sauvegardes et tester restauration",B011;B028,"restauration complète démontrée"
B058,L10,P0,"Corriger anomalies bloquantes",B052;B053;B054,"zéro anomalie critique ouverte"
B059,L10,P0,"Préparer données et comptes Alpha",B058,"3 à 5 chantiers isolés prêts"
B060,L10,P0,"Former pilotes et lancer protocole de retours",B059,"consentement et scénarios remis"
B061,L02c,P0,"Créer catalogue de plans par agence (dépôt, validation technique, publication au catalogue)",B008;B026;B062,"modèle publié seulement après validation technique; gestion réservée au propriétaire de l'organisation; isolation entre agences"
B062,L02c,P0,"Désigner ou révoquer l'ingénieur habilité par l'agence",B008,"désignation/révocation par le seul propriétaire; périmètre organisationnel précis; habilitation vérifiable à tout instant"
B063,L02c,P0,"Rattacher un plan à un chantier (catalogue ou dépôt client)",B014;B026,"plan rattaché quelle que soit l'origine; catalogue optionnel, jamais requis pour un dépôt client"
B064,L02c,P0,"Valider techniquement et publier un plan au chantier",B062;B063,"publication refusée sans habilitation active à la décision; identité, version et décision enregistrées"
B065,L02c,P0,"Créer devis en estimation puis chiffré et décision client",B064,"montant contractuel dérivé de la seule version acceptée du devis"
B066,L02c,P0,"Créer avenant chiffré, décision et autorisation d'exécution par périmètre",B065,"avenant accepté compté une seule fois; effet sur montant contractuel et reste dû retesté avec B068 dès sa disponibilité, aucun test ne le couvre avant"
B067,L02c,P0,"Autoriser le démarrage des travaux dans l'application",B065;B033,"CONTRACTOR seul autorise, sans confirmation OWNER, sous devis accepté, avance intégralement reconnue et validation technique enregistrée pour la version du plan, conditions revérifiées côté serveur; auteur et heure enregistrés, visibles du client"
B068,L02c,P0,"Créer vue client consolidée (montant contractuel, paiements, reste dû)",B065;B033,"reste dû = montant contractuel moins paiements reconnus, avenants acceptés inclus s'ils existent, dépenses internes absentes"
B069,L02c,P1,"Créer et gérer des demandes de plan avec variantes versionnées avant dépôt",B063,"demande créée avec les paramètres de génération réellement utilisés; modifier les paramètres crée une nouvelle demande, jamais un écrasement; modifier une variante sauvegardée en crée une nouvelle, l'ancienne reste intacte; dépôt d'une variante crée une version réelle (B063) sans retenue/validation/publication automatique; droits CONTRACTOR/OWNER-PRIMARY du chantier seuls, revérifiés côté serveur pour chaque opération"
