id,trigger,source,target,guard,fallback
NAV001,session_absente,PROTECTED,SCR002,auth_required,SCR002
NAV002,premiere_connexion,SCR002,SCR008,profile_missing,SCR010|SCR011|SCR009
NAV003,connexion_owner,SCR002,SCR010,role_OWNER,SCR014
NAV004,connexion_contractor,SCR002,SCR011,role_CONTRACTOR,SCR014
NAV005,connexion_manager,SCR002,SCR009,role_SITE_MANAGER,SCR014
NAV006,connexion_admin,SCR002,SCR060,role_PLATFORM_ADMIN,SCR002
NAV007,lien_invitation,PUBLIC,SCR005,token_valid,SCR002
NAV008,invitation_compte_absent,SCR005,SCR003,token_retained,SCR005
NAV009,invitation_identifiant_non_verifie,SCR005,SCR004,target_identifier_required,SCR005
NAV010,invitation_acceptee,SCR005,SCR019,membership_active,SCR014
NAV011,selection_chantier,SCR014,SCR019,membership_active,SCR014
NAV012,changement_chantier,AUTHENTICATED,SCR019,membership_active,CURRENT_SCREEN
NAV013,action_ajouter_manager,SCR009,SCR026|SCR030|SCR041,permission_granted,SCR009
NAV014,action_ajouter_contractor,SCR011,SCR026|SCR030|SCR041|SCR043,permission_granted,SCR011
NAV015,decision_notification,SCR012,SCR039,verified_and_online,SCR038
NAV016,phase_decision,SCR029,SCR028,verified_and_online,SCR029
NAV017,expense_decision,SCR036,SCR037,verified_and_online,SCR036
NAV018,write_when_expired,WRITE_SCREEN,SCR051,license_read_only,SOURCE_READ_VIEW
NAV019,write_when_offline,WRITE_SCREEN,LOCAL_DRAFT,offline_capable,SOURCE_SCREEN
NAV020,sensitive_when_offline,SENSITIVE_ACTION,ONLINE_REQUIRED,online_required,SOURCE_SCREEN
NAV021,sync_failure,AUTHENTICATED,SCR057,pending_or_failed,CURRENT_SCREEN
NAV022,sync_conflict,SCR057,SCR058,conflict_detected,SCR057
NAV023,permission_denied,ANY,ACCESS_DENIED,permission_missing,ROLE_HOME
NAV024,project_access_removed,PROJECT_SCREEN,SCR014,membership_inactive,ROLE_HOME
NAV025,admin_private_content,SCR060,SCR064,approved_break_glass,SCR063
NAV026,break_glass_expired,SCR064,SCR063,access_expired,SCR060
NAV027,back_from_form,FORM,SOURCE_SCREEN,unsaved_changes_prompt,FORM
NAV028,report_share,SCR047,OS_SHARE_SHEET,authorized_and_online,SCR047
NAV029,license_payment_submitted,SCR052,SCR051,submission_saved,SCR052
NAV030,deep_link_unavailable,DEEP_LINK,ROLE_HOME,access_or_object_missing,SCR014
