permission,module,owner_primary,owner_co,contractor,site_manager,platform_admin,condition
PROJECT_CREATE,project,A,A,A,N,N,"Créateur choisit son rôle; contrôles anti-abus."
PROJECT_VIEW,project,A,A,A,A,B,"Adhésion active; admin seulement accès exceptionnel."
PROJECT_EDIT_DRAFT,project,A,C,A,C,B,"Champs selon rôle; admin exceptionnel."
PROJECT_ARCHIVE,project,A,N,C,N,N,"Entrepreneur si autorisé; confirmation et audit."
PROJECT_EXPORT,project,A,A,A,C,B,"Chef limité aux rapports autorisés."
INVITE_OWNER,invitation,N,N,A,N,N,"Invitation sécurisée par entrepreneur."
INVITE_CONTRACTOR,invitation,A,N,N,N,N,"Propriétaire principal uniquement."
INVITE_CO_OWNER,invitation,A,N,N,N,N,"Maximum configuré."
INVITE_MANAGER,invitation,N,N,A,N,N,"Maximum configuré."
INVITATION_REVOKE,invitation,C,N,C,N,N,"Expéditeur ou rôle principal autorisé; avant acceptation."
PARTICIPANT_REMOVE,membership,A,N,A,N,B,"Pas d'auto-retrait du rôle principal; admin exceptionnel."
OWNER_TRANSFER,membership,A,N,N,N,B,"En ligne, identité vérifiée, double confirmation."
CONTRACTOR_TRANSFER,membership,C,N,A,N,B,"Accord propriétaire selon règles; double confirmation."
PHASE_VIEW,phase,A,A,A,A,B,"Adhésion active."
PHASE_CREATE,phase,C,N,A,N,N,"Propriétaire peut proposer; entrepreneur publie."
PHASE_EDIT_DRAFT,phase,N,N,A,C,N,"Entrepreneur droit natif ; chef exige une délégation active ; propriétaire (principal ou copropriétaire) toujours refusé (D082)."
PHASE_PUBLISH,phase,C,N,A,N,N,"Historique créé."
PHASE_VALIDATE,phase,A,C,N,N,N,"Copropriétaire seulement si permission explicite."
JOURNAL_VIEW,journal,A,A,A,A,B,"Adhésion active."
JOURNAL_CREATE,journal,C,N,A,A,N,"Propriétaire peut ajouter observation, pas journal opérationnel par défaut."
JOURNAL_EDIT_DRAFT,journal,C,N,A,A,N,"Auteur ou responsable autorisé."
JOURNAL_PUBLISH,journal,C,N,A,A,N,"Publication attribuée."
JOURNAL_CORRECT,journal,C,N,A,C,B,"Version liée; motif requis après publication."
MEDIA_VIEW,media,A,A,A,A,B,"Selon chantier et visibilité."
MEDIA_UPLOAD,media,C,N,A,A,N,"Consentement géolocalisation séparé."
MEDIA_DELETE_DRAFT,media,C,N,A,A,N,"Auteur ou responsable avant publication."
MEDIA_CORRECT_PUBLISHED,media,C,N,A,C,B,"Nouvelle version/annulation; jamais remplacement silencieux."
BUDGET_VIEW,finance,A,A,A,C,B,"Chef limité si autorisé."
BUDGET_SET_INITIAL,finance,A,N,A,N,N,"Accord/approbation selon initiateur."
BUDGET_CHANGE_REQUEST,finance,A,N,A,N,N,"Crée une demande, ne remplace pas le budget validé."
EXPENSE_CREATE_DRAFT,finance,C,N,A,A,N,"Hors ligne autorisé; UUID unique."
EXPENSE_PUBLISH,finance,N,N,A,C,N,"Entrepreneur droit natif ; chef exige une délégation active et connexion/synchro valide ; propriétaire (principal ou copropriétaire) toujours refusé (D082)."
EXPENSE_CORRECT_VALIDATED,finance,C,N,A,N,B,"Contre-écriture, motif, audit."
ADVANCE_DECLARE,advance,A,N,A,N,N,"Déclaration uniquement; aucune transaction."
ADVANCE_ACKNOWLEDGE,advance,C,N,C,N,N,"Récepteur attendu uniquement."
ADVANCE_CONTEST,advance,A,C,A,N,N,"Motif obligatoire."
ADVANCE_CANCEL,advance,C,N,C,N,B,"Contre-écriture après validation."
APPROVAL_REQUEST,approval,C,N,A,C,N,"Chef seulement pour objets autorisés."
APPROVAL_DECIDE,approval,A,C,N,N,N,"Copropriétaire si permission explicite; en ligne et vérifié."
APPROVAL_REOPEN,approval,C,N,C,N,B,"Nouvelle demande liée; décision précédente conservée."
INCIDENT_VIEW,incident,A,A,A,A,B,"Adhésion active."
INCIDENT_CREATE,incident,A,A,A,A,N,"Hors ligne autorisé."
INCIDENT_UPDATE,incident,C,C,A,A,N,"Historique conservé."
INCIDENT_CLOSE,incident,C,N,A,C,N,"Selon responsable désigné."
DOCUMENT_VIEW,document,A,A,A,C,B,"Visibilité par document."
DOCUMENT_UPLOAD,document,A,C,A,C,N,"Types/taille contrôlés."
DOCUMENT_ARCHIVE,document,C,N,A,N,B,"Aucune suppression silencieuse."
REPORT_GENERATE,report,A,A,A,C,N,"Selon données visibles."
REPORT_SHARE,report,A,C,A,C,N,"Lien temporaire ou partage de fichier; données minimisées."
AUDIT_VIEW,audit,A,C,A,N,B,"Copropriétaire limité; admin exceptionnel ou événements plateforme."
LICENSE_PAY,license,A,C,A,N,N,"Le payeur ne gagne aucun droit."
LICENSE_ACTIVATE,license,N,N,N,N,A,"Après vérification manuelle du paiement au MVP."
LICENSE_VIEW,license,A,A,A,C,A,"Chef lecture simple de l'état."
SYNC_DRAFT,sync,C,N,A,A,N,"UUID + révision serveur; aucune validation sensible hors ligne."
SUPPORT_REQUEST,support,A,A,A,A,N,"Participant authentifié."
SUPPORT_METADATA_VIEW,support,N,N,N,N,A,"Métadonnées minimales sans contenu privé."
SUPPORT_PRIVATE_ACCESS,support,N,N,N,N,B,"Motif, durée, périmètre, journal et notification selon politique."
