id,resource,select_rule,insert_rule,update_rule,delete_rule,mandatory_test
R001,profiles,"soi-même ou profil minimal d'un participant commun","création serveur après Auth","soi-même sur champs autorisés",DENY,"un inconnu ne lit pas les coordonnées"
R002,profile_identifiers,"soi-même; support autorisé limité",SERVER_ONLY,SERVER_ONLY,DENY,"aucun membre de chantier ne lit l'identifiant privé d'un autre"
R003,organizations,"membre actif de l'organisation",SERVER_RPC,"rôle interne autorisé",DENY,"deux entrepreneurs ne voient pas leurs organisations"
R004,organization_memberships,"membre autorisé de la même organisation",SERVER_RPC,SERVER_RPC,DENY,"révocation conserve la ligne"
R005,projects,"membre chantier actif ou support temporaire dans périmètre","utilisateur authentifié via RPC","rôle principal sur champs autorisés",DENY,"membre A ne lit jamais chantier B"
R006,project_memberships,"membre actif du chantier; support limité",SERVER_RPC,SERVER_RPC,DENY,"acceptation concurrente ne crée qu'une adhésion"
R007,membership_permissions,"membre concerné ou rôle principal",SERVER_RPC,SERVER_RPC,DENY,"copropriétaire sans délégation ne peut approuver"
R008,invitations,"expéditeur; destinataire ciblé minimal; rôle principal",SERVER_RPC,SERVER_RPC,DENY,"jeton brut jamais retourné après création"
R009,role_transfers,"parties concernées et rôles principaux",SERVER_RPC,SERVER_RPC,DENY,"transfert hors ligne ou non vérifié refusé"
R010,private_project_content,"membre actif selon visibilité; support temporaire limité","rôles autorisés + chantier actif","auteur sur brouillon; publication via RPC",DENY,"accès direct par UUID d'un autre chantier refusé"
R011,version_tables,"même règle que l'objet parent","rôle autorisé; base_revision valide",DENY,DENY,"ancienne version reste identique après correction"
R012,financial_identity,"OWNER; CONTRACTOR; SITE_MANAGER si autorisé","rôle autorisé en brouillon","état/pointeur uniquement via RPC",DENY,"montant validé impossible à modifier"
R013,financial_versions,"selon droit finance du chantier","auteur/délégation et transaction serveur",DENY,DENY,"contre-écriture liée et motif obligatoires"
R014,advances,"OWNER et CONTRACTOR; co-owner selon accès","déclarant autorisé",DENY,DENY,"aucune opération de paiement n'est déclenchée"
R015,advance_events,"parties autorisées","récepteur ou partie autorisée selon événement",DENY,DENY,"seul récepteur attendu reconnaît réception"
R016,approval_requests,"participants ayant droit sur l'objet","demandeur autorisé en ligne",DENY,DENY,"demande cible une version exacte"
R017,approval_decisions,"participants ayant droit sur l'objet","OWNER principal ou délégué vérifié en ligne",DENY,DENY,"une décision existante ne change jamais"
R018,project_licenses,"participants du chantier; admin métadonnées","paiement déclaré par OWNER ou CONTRACTOR",SERVER_ONLY,DENY,"payeur n'obtient aucun nouveau droit"
R019,license_payments,"payeur; rôles principaux; admin métadonnées","OWNER ou CONTRACTOR",SERVER_ONLY,DENY,"activation exige vérificateur et référence"
R020,notifications,"destinataire uniquement",SERVER_ONLY,"destinataire peut marquer lu",DENY,"notification d'un autre utilisateur refusée"
R021,report_exports,"générateur et membres autorisés","utilisateur autorisé en ligne",DENY,DENY,"instantané n'expose que données visibles"
R022,share_links,"créateur et rôles autorisés",SERVER_RPC,"révocation via RPC",DENY,"lien expiré ou révoqué refuse le fichier"
R023,sync_operations,"acteur de l'opération; support technique minimal","acteur authentifié membre du chantier",SERVER_ONLY,DENY,"même operation_uuid retourne le même résultat"
R024,sync_conflicts,"acteur et rôles autorisés",SERVER_ONLY,"résolution via RPC",DENY,"conflit financier ne peut être écrasé"
R025,audit_events,"CONTRACTOR actif seulement (D186) ; jamais le support, même pendant un accès exceptionnel (D195 E6, D197)",SERVER_ONLY,DENY,DENY,"aucun rôle métier ne modifie ou supprime l'audit"
R026,support_access_grants,"demandeur concerné et admin autorisé",SERVER_RPC,SERVER_RPC,DENY,"accès expire automatiquement et reste audité"
R027,storage_objects,"membre actif + visibilité + chemin project_id","uploader autorisé + chemin contrôlé","brouillon propriétaire seulement",DENY,"URL ou chemin copié d'un autre chantier échoue"
