screen_id,template_id,variant
SCR001,T01,public_landing
SCR002,T01,login
SCR003,T01,signup
SCR004,T01,verification
SCR005,T02,accept_invitation
SCR006,T01,recovery
SCR007,T07,legal_text
SCR008,T01,initial_profile
SCR009,T05,site_manager_home
SCR010,T03,owner_home
SCR011,T04,contractor_home
SCR012,T06,notifications
SCR013,T16,profile
SCR014,T06,projects
SCR015,T08,new_project
SCR016,T09,duplicate_review
SCR017,T12,invite_principal
SCR018,T12,pending_invitations
SCR019,T03,project_overview
SCR020,T07,project_information
SCR021,T06,phases
SCR022,T12,participants
SCR023,T08,edit_project
SCR024,T08,prepare_phases
SCR025,T06,journals
SCR026,T08,new_journal
SCR027,T07,journal_detail
SCR028,T09,phase_decision
SCR029,T07,phase_detail
SCR030,T11,add_media
SCR031,T11,gallery
SCR032,T10,finance_overview
SCR033,T10,budget
SCR034,T08,new_expense
SCR035,T06,expenses
SCR036,T07,expense_detail
SCR037,T09,expense_decision
SCR038,T06,approvals
SCR039,T09,approval_decision
SCR040,T10,advances
SCR041,T08,new_incident
SCR042,T06,incidents
SCR043,T08,new_document
SCR044,T06,documents
SCR045,T12,invite_participant
SCR046,T13,reports
SCR047,T13,report_preview
SCR048,T06,audit_events
SCR049,T07,audit_detail
SCR050,T07,media_detail
SCR051,T14,license_status
SCR052,T14,payment_submission
SCR053,T16,project_settings
SCR054,T09,role_transfer
SCR055,T16,support_request
SCR056,T16,organization
SCR057,T15,sync_queue
SCR058,T15,conflict_resolution
SCR059,T09,secure_confirmation
SCR060,T17,admin_dashboard
SCR061,T17,accounts
SCR062,T17,licenses
SCR063,T17,support_tickets
SCR064,T18,break_glass
