id,operation,implementation,atomic_guarantee,authorization,audit_event,failure_safety
OP001,create_project,SQL_RPC,"projet + adhésion créateur + organisation si nécessaire","auth vérifiée; rôle initial OWNER ou CONTRACTOR",PROJECT_CREATED,"rollback complet"
OP002,accept_invitation,SQL_RPC,"verrou invitation + quota + adhésion + consommation","cible contrôlée; invitation PENDING non expirée",INVITATION_ACCEPTED,"aucune adhésion partielle"
OP003,revoke_invitation,SQL_RPC,"état REVOKED seulement depuis PENDING","expéditeur ou rôle principal",INVITATION_REVOKED,"jeton inutilisable"
OP004,transfer_primary_role,SQL_RPC,"ancien et nouveau rôle basculés ensemble","titulaire vérifié; confirmations; support séparé",PRIMARY_ROLE_TRANSFERRED,"ancien titulaire reste si échec"
OP005,remove_membership,SQL_RPC,"révocation accès + délégations compatibles","rôle principal; pas auto-retrait principal",MEMBERSHIP_REMOVED,"contributions conservées"
OP006,publish_version,SQL_RPC,"insertion version + pointeur courant + révision","rôle; état; base_revision",VERSION_PUBLISHED,"ancienne version inchangée"
OP007,correct_validated_finance,SQL_RPC,"contre-écriture ou version liée + recalcul total","OWNER principal ou CONTRACTOR selon règle",FINANCIAL_CORRECTION_CREATED,"montant validé jamais modifié"
OP008,decide_approval,SQL_RPC,"verrou demande + décision unique sur version cible","OWNER vérifié ou délégué actif",APPROVAL_DECIDED,"double décision concurrente refusée"
OP009,transition_incident,SQL_RPC,"événement + nouvel état + révision","responsable ou rôle autorisé",INCIDENT_TRANSITIONED,"transition invalide refusée"
OP010,declare_license_payment,SQL_RPC,"paiement PENDING_REVIEW + preuve liée","OWNER ou CONTRACTOR",LICENSE_PAYMENT_DECLARED,"aucun droit ajouté"
OP011,activate_license,SQL_RPC,"paiement VERIFIED + période de licence","PLATFORM_ADMIN autorisé; contrôle manuel",LICENSE_ACTIVATED,"rôles inchangés"
OP012,apply_sync_operation,SERVER_FUNCTION,"idempotence + verrou + mutation + audit + résultat","JWT + RLS + permission métier",SYNC_OPERATION_APPLIED,"rollback de l'opération seulement"
OP013,prepare_media_upload,SERVER_FUNCTION,"réservation asset et autorisation temporaire","membre autorisé; type et taille",MEDIA_UPLOAD_PREPARED,"asset non publié"
OP014,finalize_media_upload,SERVER_FUNCTION,"empreinte + objet storage + statut FINALIZED","uploader ou CONTRACTOR autorisé",MEDIA_UPLOAD_FINALIZED,"fichier invalide indisponible"
OP015,generate_report,SERVER_FUNCTION,"instantané autorisé + tâche + fichier","permission rapport au moment de génération",REPORT_GENERATED,"aucune donnée hors périmètre"
OP016,create_share_link,SERVER_FUNCTION,"jeton haché + expiration + périmètre rapport","créateur ou rôle principal",REPORT_LINK_CREATED,"lien révocable et limité"
OP017,grant_support_access,SQL_RPC,"dossier + périmètre + expiration + approbateur","admin autorisé; motif obligatoire",SUPPORT_ACCESS_GRANTED,"aucun accès global implicite"
OP018,resolve_sync_conflict,SQL_RPC,"résolution + nouvelle opération ou abandon","acteur de l'opération encore autorisé",SYNC_CONFLICT_RESOLVED,"serveur conservé par défaut"
